{"text": " Hello, hello, testing, one, two, three, 11, 12, 17, 20.", "segments": [{"id": 0, "seek": 0, "start": 0.0, "end": 4.88, "text": " Hello, hello, testing, one, two, three, 11, 12, 17, 20.", "tokens": [50364, 2425, 11, 7751, 11, 4997, 11, 472, 11, 732, 11, 1045, 11, 2975, 11, 2272, 11, 3282, 11, 945, 13, 50608], "temperature": 0.0, "avg_logprob": -0.38663677547288977, "compression_ratio": 1.0784313725490196, "no_speech_prob": 0.013346502557396889}], "language": "en"}